代码,资产名称
A02010000,信息化设备
A02010100,计算机
A02010101,巨型计算机
A02010102,大型计算机
A02010103,中型计算机
A02010104,服务器
A02010105,台式计算机
A02010106,移动工作站
A02010107,图形工作站
A02010108,便携式计算机
A02010109,平板式计算机
A02010199,其他计算机
A02010200,网络设备
A02010201,路由器
A02010202,交换设备
A02010203,集线器
A02010204,光端机
A02010205,终端接入设备
A02010206,通信(控制)处理机
A02010207,通信控制器
A02010208,集中器
A02010209,终端控制器
A02010210,集群控制器
A02010211,多站询问单位
A02010212,网络接口
A02010213,通信适配器
A02010214,接口适配器
A02010215,光纤转换器
A02010216,网络收发器
A02010217,网络转发器
A02010218,网络分配器
A02010219,网关
A02010220,网桥
A02010221,协议分析器
A02010222,协议测试设备
A02010223,差错检测设备
A02010224,负载均衡设备
A02010299,其他网络设备
A02010300,信息安全设备
A02010301,防火墙
A02010302,入侵检测设备
A02010303,入侵防御设备
A02010304,漏洞扫描设备
A02010305,容灾备份设备
A02010306,网络隔离设备
A02010307,安全审计设备
A02010308,安全路由器
A02010309,计算机终端安全设备
A02010310,网闸
A02010311,网上行为管理设备
A02010312,密码产品
A02010313,虚拟专用网（VPN）设备
A02010399,其他信息安全设备
A02010400,终端设备
A02010401,触摸式终端设备
A02010402,终端机
A02010499,其他终端设备
A02010500,存储设备
A02010501,磁盘机
A02010502,磁盘阵列
A02010503,存储用光纤交换机
A02010504,光盘库
A02010505,磁带机
A02010506,磁带库
A02010507,网络存储设备
A02010508,移动存储设备
A02010599,其他存储设备
A02010600,机房辅助设备
A02010601,机柜
A02010602,机房环境监控设备
A02010699,其他机房辅助设备
A02010700,信息化设备零部件
A02019900,其他信息化设备
A02020000,办公设备
A02020100,复印机
A02020200,投影仪
A02020300,投影幕
A02020400,多功能一体机
A02020500,照相机及器材
A02020501,数字照相机
A02020502,通用照相机
A02020503,静态视频照相机
A02020504,专用照相机
A02020505,特殊照相机
A02020506,镜头及器材
A02020599,其他照相机及器材
A02020600,执法记录仪
A02020700,电子白板
A02020800,触控一体机
A02020900,刻录机
A02021000,打印机
A02021001,A3黑白打印机
A02021002,A3彩色打印机
A02021003,A4黑白打印机
A02021004,A4彩色打印机
A02021005,3D打印机
A02021006,票据打印机
A02021007,条码打印机
A02021008,地址打印机
A02021099,其他打印机
A02021100,输入输出设备
A02021101,绘图设备
A02021102,光电设备
A02021103,LED显示屏
A02021104,液晶显示器
A02021105,阴极射线管显示器
A02021106,等离子显示器
A02021107,KVM 设备
A02021108,综合输入设备
A02021109,键盘
A02021110,鼠标器
A02021111,控制杆
A02021112,刷卡机
A02021113,纸带输入机
A02021114,磁卡读写器
A02021115,集成电路(IC)卡读写器
A02021116,非接触式智能卡读写机
A02021117,触摸屏
A02021118,扫描仪
A02021119,条码扫描器
A02021120,高拍仪
A02021121,图形板
A02021122,光笔
A02021123,坐标数字化仪
A02021124,语音输入设备
A02021125,手写式输入设备
A02021126,数据录入设备
A02021199,其他输入输出设备
A02021200,文印设备
A02021201,速印机
A02021202,胶印机
A02021203,装订机
A02021204,配页机
A02021205,折页机
A02021206,油印机
A02021299,其他文印设备
A02021300,销毁设备
A02021301,碎纸机
A02021302,光盘粉碎机
A02021303,硬盘粉碎机
A02021304,芯片粉碎机
A02021305,综合销毁设备
A02021399,其他销毁设备
A02021400,会计机械
A02021401,计算器
A02021499,其他会计机械
A02021500,制图机械
A02021600,打字机
A02021700,办公设备零部件
A02029900,其他办公设备
A02030000,车辆
A02030100,载货汽车
A02030200,牵引汽车
A02030201,半挂牵引汽车
A02030202,全挂牵引汽车
A02030203,特种牵引车
A02030299,其他牵引汽车
A02030300,汽车挂车
A02030400,汽车列车
A02030500,乘用车
A02030501,轿车
A02030502,越野车
A02030503,小型客车
A02030504,中型客车
A02030505,大型客车
A02030599,其他乘用车
A02030600,专用车辆
A02030601,厢式专用汽车
A02030602,罐式专用汽车
A02030603,多用途货车
A02030604,集装箱运输车
A02030605,科学考察车
A02030606,工程作业车
A02030607,雪地专用车
A02030608,校车
A02030609,消防车
A02030610,警车
A02030611,布障车
A02030612,清障车
A02030613,排爆车
A02030614,装甲防暴车
A02030615,水炮车
A02030616,攀登车
A02030617,全地形车
A02030618,通讯指挥车
A02030619,交通划线车
A02030620,防弹车
A02030621,医疗车
A02030622,通信专用车
A02030623,抢险车
A02030624,殡仪车
A02030625,运钞专用车
A02030626,机动起重车
A02030627,垃圾车
A02030628,洒水车
A02030629,街道清洗清扫车
A02030630,除冰车
A02030631,扫雪车
A02030632,冷藏车
A02030633,炊事车
A02030634,公共汽车
A02030635,有轨电车
A02030636,轨道交通车辆
A02030699,其他专用车辆
A02030700,摩托车
A02030701,两轮摩托车
A02030702,三轮摩托车
A02030799,其他摩托车
A02030800,电动车辆
A02030801,电动两轮车
A02030802,电动三轮车
A02030803,电动多轮车
A02030899,其他电动车辆
A02030900,轮椅车
A02030901,机动轮椅车（残疾人摩托车）
A02030902,电动轮椅车（道路型）
A02030999,其他轮椅车
A02031000,非机动车辆
A02031001,人力车
A02031002,畜力车
A02031099,其他非机动车辆
A02031100,车辆附属设施及零部件
A02039900,其他车辆
A02040000,图书档案设备
A02040100,缩微设备
A02040101,缩微摄影机
A02040102,冲洗机
A02040103,拷贝机
A02040104,阅读器
A02040105,阅读复印机
A02040106,放大复印机
A02040107,胶片装片机
A02040108,缩微品检索设备
A02040109,胶片剪接设备
A02040110,胶片洁片设备
A02040111,缩微胶片扫描仪
A02040199,其他缩微设备
A02040200,图书档案消毒设备
A02040201,物理方法消毒设备
A02040202,化学方法消毒设备
A02040299,其他图书档案消毒设备
A02040300,图书档案保护设备
A02040400,图书档案设备的零部件
A02049900,其他图书档案设备
A02050000,机械设备
A02050100,内燃机
A02050101,柴油内燃机
A02050102,汽油内燃机
A02050103,气体燃料内燃机
A02050199,其他内燃机
A02050200,燃气轮机
A02050300,汽轮机
A02050400,锅炉
A02050401,工业锅炉
A02050402,民用锅炉
A02050499,其他锅炉
A02050500,水轮机
A02050600,风力机
A02050700,潮汐动力机械
A02050800,液压机械
A02050801,液压缸
A02050802,液压泵
A02050803,液压阀
A02050804,液压马达
A02050805,液压管件
A02050806,液力变矩器
A02050807,液压元件
A02050899,其他液压机械
A02050900,金属加工设备
A02050901,金属切削机床
A02050902,锻压机械设备
A02050903,铸造设备
A02050904,增材制造设备
A02050905,工业机械手
A02050906,工业机器人
A02050907,热处理设备
A02050908,金属切割设备
A02050909,金属焊接设备
A02050910,金属表面处理设备
A02050911,金属喷涂设备
A02050912,粉末冶金设备
A02050913,通用工业窑炉
A02050999,其他金属加工设备
A02051000,塑料压制液压机
A02051100,成板机械
A02051200,起重设备
A02051201,轻小型起重设备
A02051202,桥式起重机
A02051203,门式起重机
A02051204,半门式起重机
A02051205,浮式起重机
A02051206,缆索起重机
A02051207,门座式起重机
A02051208,港口门座式起重机
A02051209,塔式起重机
A02051210,冶金起重机
A02051211,铁路起重机
A02051212,流动式起重机
A02051213,甲板起重机
A02051214,桅杆起重机
A02051215,悬臂起重机
A02051216,平衡式起重机
A02051217,起重滑车
A02051218,起重葫芦
A02051219,绞车和绞盘
A02051220,千斤顶
A02051221,悬挂单轨系统
A02051222,移动式吊运架
A02051223,跨运车
A02051224,升船机
A02051225,滑模顶升机
A02051226,起重用吊斗、铲、抓斗和夹钳
A02051227,电梯
A02051228,自动扶梯
A02051229,自动人行道
A02051299,其他起重设备
A02051300,输送设备
A02051301,带式输送机械
A02051302,气动输送机
A02051303,螺旋输送机
A02051304,刮板输送机
A02051305,埋刮板输送机
A02051306,板式输送机
A02051307,悬挂输送机
A02051308,牵引链输送机械
A02051309,斗式提升输送机
A02051310,液力输送机
A02051311,振动输送机
A02051312,辊子输送机
A02051313,升运机
A02051314,架空索道输送设备
A02051315,机场输送设备
A02051316,集装箱
A02051317,集装箱输送设备
A02051318,输送管道
A02051319,斜坡绞车
A02051399,其他输送设备
A02051400,给料设备
A02051500,装卸设备
A02051501,堆取机械
A02051502,装船机
A02051503,装车机
A02051504,卸船机
A02051505,卸车机
A02051506,翻车机
A02051507,原料混匀机
A02051599,其他装卸设备
A02051600,仓储设备
A02051601,立体仓库设备
A02051699,其他仓储设备
A02051700,机械立体停车设备
A02051800,气垫搬运装置
A02051900,泵
A02051901,离心泵
A02051902,混流泵
A02051903,轴流泵
A02051904,往复泵
A02051905,回转泵
A02051906,旋涡泵
A02051907,真空泵
A02051999,其他泵
A02052000,风机
A02052001,离心式风机
A02052002,轴流风机
A02052003,螺杆式风机
A02052099,其他风机
A02052100,气体压缩机
A02052101,离心式压缩机
A02052102,轴（混）流式压缩机
A02052103,往复式压缩机
A02052104,螺杆式压缩机
A02052105,刮板式压缩机
A02052106,液环压缩机
A02052199,其他气体压缩机
A02052200,气体分离及液化设备
A02052201,空气分离设备
A02052202,稀有气体提取设备
A02052203,工业气体分离设备
A02052204,气体液化设备
A02052205,车装气体分离设备
A02052299,其他气体分离及液化设备
A02052300,制冷空调设备
A02052301,制冷压缩机
A02052302,冷库制冷设备
A02052303,冷藏箱柜
A02052304,制冰设备
A02052305,空调机组
A02052306,恒温机、恒温机组
A02052307,去湿机组
A02052308,加湿机组
A02052309,专用制冷空调设备
A02052399,其他制冷空调设备
A02052400,真空获得及应用设备
A02052401,真空获得设备
A02052402,真空应用设备
A02052403,真空检测设备
A02052404,真空系统附件
A02052499,其他真空获得及应用设备
A02052500,分离及干燥设备
A02052501,离心机
A02052502,分离机
A02052503,过滤机
A02052504,萃取机
A02052505,搅拌机械
A02052506,浓缩机械
A02052507,干燥机械
A02052599,其他分离及干燥设备
A02052600,减速机及传动装置
A02052601,摆线针轮减速机
A02052602,行星减速机
A02052603,圆柱齿轮减速机
A02052604,圆锥齿轮减速器
A02052605,蜗轮蜗杆减速器
A02052606,无级变速器
A02052607,液力耦合器
A02052699,其他减速机及传动装置
A02052700,飞轮和皮带轮
A02052800,离合器
A02052900,联轴器
A02053000,铰接链条
A02053100,包装机械
A02053101,充填机械
A02053102,灌装机械
A02053103,封口机械
A02053104,容器成型包装机械
A02053105,裹包机械
A02053106,捆扎打包机械
A02053107,集合装箱机械
A02053108,真空包装机械
A02053109,容器清洗机械
A02053110,容器消毒机械
A02053111,容器干燥机械
A02053112,贴标签机械
A02053113,包装计量机械
A02053114,多功能包装机械
A02053115,辅助包装机械
A02053116,包装用软管制造机械
A02053117,饮料充气机
A02053199,其他包装机械
A02053200,植物等有机物粉碎选别设备
A02053201,粉碎机
A02053202,研磨机
A02053203,分选机
A02053204,筛分设备
A02053299,其他植物等有机物粉碎选别设备
A02053300,电动及小型台式工具
A02053400,机械设备零部件
A02059900,其他机械设备
A02060000,电气设备
A02060100,电机
A02060101,发电机
A02060102,直流电机
A02060103,无刷直流电机
A02060104,交流电机
A02060105,交直流两用电机
A02060106,直线电机
A02060107,步进电机
A02060108,传感电机
A02060109,开关磁阻电机
A02060110,移相器
A02060111,潜水电泵
A02060199,其他电机
A02060200,变压器
A02060300,调压器
A02060400,变频设备
A02060500,电抗器
A02060600,互感器
A02060700,避雷器
A02060800,整流器
A02060900,镇流器
A02061000,半导体逆变设备
A02061100,半导体直、变流设备
A02061200,高压输变电用变流设备
A02061300,牵引用变流器
A02061400,电机调速用半导体变流设备
A02061500,电源设备
A02061501,稳压电源
A02061502,稳流电源
A02061503,稳频电源
A02061504,不间断电源
A02061505,多用电源
A02061506,变频器
A02061507,充电机
A02061508,直流电源
A02061509,交流电源
A02061510,原电池和原电池组
A02061511,蓄电池及充电装置
A02061512,电池及能源系统
A02061599,其他电源设备
A02061600,电容器
A02061700,生产辅助用电器
A02061701,电阻器
A02061702,变阻器
A02061703,开关电器设备
A02061704,断路器
A02061705,控制器
A02061706,接触器
A02061707,起动器
A02061708,电继电器
A02061709,控制继电器
A02061710,保护继电器
A02061711,开关柜
A02061712,控制设备
A02061713,配电屏
A02061714,配电箱
A02061715,端子箱
A02061716,保护屏
A02061717,同期屏
A02061718,故障录波屏
A02061719,电容器柜
A02061720,电容器箱
A02061721,受电箱
A02061722,受电屏
A02061723,熔断器
A02061724,电缆桥架
A02061725,插头插座和耦合器
A02061726,接线盒和端子
A02061727,电源插座和转换器
A02061799,其他生产辅助用电器
A02061800,生活用电器
A02061801,电冰箱
A02061802,风扇
A02061803,通风机
A02061804,空调机
A02061805,空气滤洁器
A02061806,空气净化设备
A02061807,排烟系统
A02061808,取暖器
A02061809,调湿调温机
A02061810,洗衣机
A02061811,吸尘器
A02061812,洗碗机
A02061813,厨房电动废物处理器
A02061814,泔水处理器
A02061815,熨烫电器
A02061816,烹调电器
A02061817,食品制备电器
A02061818,饮水器
A02061819,热水器
A02061820,美容电器
A02061821,保健器具
A02061822,电热卧具、服装
A02061899,其他生活用电器
A02061900,照明设备
A02061901,矿灯
A02061902,建筑用灯具
A02061903,车、船用灯
A02061904,水下照明灯
A02061905,民用机场灯具
A02061906,防爆灯具
A02061907,农业用灯具
A02061908,室内照明灯具
A02061909,场地用灯
A02061910,路灯
A02061911,移动照明灯塔
A02061912,除害虫用灯
A02061913,应急照明灯
A02061914,体育比赛用灯
A02061915,手电筒
A02061916,发光标志、铭牌
A02061917,摄影专用灯
A02061999,其他照明设备
A02062000,电气机械设备
A02062001,工业电热设备（电炉）
A02062002,电气物理设备
A02062003,电动工具
A02062004,换能器
A02062099,其他电气机械设备
A02062100,绝缘电线和电缆
A02062200,光缆
A02062300,电气设备零部件
A02069900,其他电气设备
A02070000,雷达、无线电和卫星导航设备
A02070100,地面雷达
A02070101,地面导航雷达
A02070102,航空管理雷达
A02070103,港口交通管制雷达
A02070104,地面交通管制雷达
A02070105,地面气象雷达
A02070106,地面测量雷达
A02070107,地面对空监视雷达
A02070108,地面对海监视雷达
A02070109,地面目标指示雷达
A02070110,低空补盲雷达
A02070111,地面跟踪雷达
A02070112,精密进场雷达
A02070113,地面二次雷达
A02070114,双/多基地雷达
A02070115,超视距雷达
A02070116,无源雷达
A02070117,地面相控阵雷达
A02070199,其他地面雷达
A02070200,机载雷达
A02070201,航行雷达
A02070202,多普勒导航雷达
A02070203,机载着陆雷达
A02070204,数传导航雷达
A02070205,机载气象雷达
A02070206,机载对空监视雷达
A02070207,机载对海监视雷达
A02070208,机载地形测绘雷达
A02070209,机载地质勘探雷达
A02070210,机载测高雷达
A02070211,机载防撞雷达
A02070212,机载雷达信标机
A02070213,机载跟踪雷达
A02070214,地形回避与地形跟随雷达
A02070215,机载测量雷达
A02070216,机载资源勘探雷达
A02070217,机载二次雷达
A02070218,机载相控阵雷达
A02070219,机载合成孔径雷达
A02070299,其他机载雷达
A02070300,舰船载雷达
A02070301,舰船导航雷达
A02070302,舰船气象雷达
A02070303,船载对空监视雷达
A02070304,船载对海监视雷达
A02070305,船载目标指示雷达
A02070306,船载引导雷达
A02070307,船载航空管制雷达
A02070308,船载二次雷达
A02070309,船载相控阵雷达
A02070310,船载航运管制雷达
A02070311,船载测量雷达
A02070399,其他舰船载雷达
A02070400,雷达配套设备
A02070401,雷达地面天线
A02070402,雷达训练器
A02070403,雷达图像传输设备
A02070404,雷达显示设备
A02070405,雷达车厢
A02070406,雷达发电机组
A02070499,其他雷达配套设备
A02070500,星载雷达
A02070600,气球载雷达
A02070700,雷达维修备件
A02070800,机载无线电导航设备
A02070801,信标接收机
A02070802,无线电罗盘
A02070803,机载着陆设备
A02070804,近程导航机载设备
A02070805,机载无线电高度表
A02070899,其他机载无线电导航设备
A02070900,地面航空无线电导航设备
A02070901,定向设备
A02070902,导航机
A02070903,航标发射机
A02070904,近程导航系统地面设备
A02070905,微波仪表着陆地面设备
A02070999,其他地面航空无线电导航设备
A02071000,机动定向导航设备
A02071001,机动定向设备
A02071002,机动导航设备
A02071099,其他机动定向导航设备
A02071100,舰船载无线电导航设备
A02071101,舰船载导航接收机
A02071102,舰船载无线电测向机
A02071103,舰船载无线电示位标
A02071199,其他舰船载无线电导航设备
A02071200,地面舰船无线电导航设备
A02071300,卫星定位导航设备
A02071400,卫星遥感设备
A02071500,雷达和无线电导航设备零部件
A02079900,其他雷达和无线电导航设备
A02080000,通信设备
A02080100,无线电通信设备
A02080101,通用无线电通信设备
A02080102,移动通信（网）设备
A02080103,航空无线电通信设备
A02080104,舰船无线电通信设备
A02080105,铁道无线电通信设备
A02080106,邮电无线电通信设备
A02080107,气象通信无线电通信设备
A02080108,无线电反制设备
A02080199,其他无线电通信设备
A02080200,接力通信系统设备
A02080201,超短波接力通信设备
A02080202,模拟微波接力通信设备
A02080203,数字微波接力通信设备
A02080204,电视微波接力设备
A02080299,其他接力通信系统设备
A02080300,散射通信设备
A02080301,散射通信机
A02080302,散射通信配套设备
A02080399,其他散射通信设备
A02080400,卫星通信设备
A02080401,地面站天线设备
A02080402,上行线通信设备
A02080403,下行线通信设备
A02080404,通信卫星配套设备
A02080405,卫星电视转播设备
A02080406,气象卫星地面发布站设备
A02080407,气象卫星地面接收站设备
A02080408,气象卫星地面数据收集站设备
A02080409,卫星电话
A02080499,其他卫星通信设备
A02080500,光通信设备
A02080501,光缆通信终端设备
A02080502,光通信中继设备
A02080503,光通信复用设备
A02080504,光通信配套设备
A02080505,光纤放大器
A02080506,合波器
A02080507,分波器
A02080508,光纤色散补偿装置
A02080509,无纤光通信设备
A02080510,脉冲编码调制终端设备
A02080511,多业务传输送设备
A02080512,光传送网设备
A02080599,其他光通信设备
A02080600,载波通信系统设备
A02080601,电缆载波通信设备
A02080602,电力线载波通信设备
A02080603,矿用及矿山采选用载波通信设备
A02080604,微波通信用载波通信设备
A02080605,载波电报机及载波业务通信设备
A02080699,其他载波通信系统设备
A02080700,电话通信设备
A02080701,普通电话机
A02080702,特种电话机
A02080703,移动电话
A02080704,电话交换设备
A02080705,会议电话调度设备及市话中继设备
A02080799,其他电话通信设备
A02080800,视频会议系统设备
A02080801,视频会议控制台
A02080802,视频会议多点控制器
A02080803,视频会议会议室终端
A02080804,音视频矩阵
A02080805,视频会议系统及会议室音频系统
A02080899,其他视频会议系统设备
A02080900,电报通信设备
A02080901,收发报机
A02080902,电传打字机
A02080903,凿孔设备
A02080904,译码设备
A02080905,人工用户电报交换设备
A02080906,用户电报自动交换设备
A02080907,智能电报终端设备
A02080908,声校微机电报打印设备
A02080909,数字电报通信设备
A02080910,纠错设备
A02080911,转换设备
A02080912,电报加密机
A02080913,无线电报接收设备
A02080999,其他电报通信设备
A02081000,传真通信设备
A02081001,文件(图文)传真机
A02081099,其他传真通信设备
A02081100,数据数字通信设备
A02081101,数据调制、解调设备
A02081102,数传机
A02081103,数据复接交换设备
A02081104,脉码调制终端设备
A02081105,增量调制终端设备
A02081106,数字电话电报终端机
A02081107,数据、多媒体通信终端设备
A02081199,其他数据数字通信设备
A02081200,微波接力通信设备
A02081300,IP 与多媒体通信设备
A02081400,通信配套设备
A02081500,通信机房设备
A02081600,天线
A02081601,发射天线
A02081602,接收天线
A02081699,其他天线
A02081700,无线传输辅助设备
A02081701,铁塔无线传输设备
A02081702,铁杆无线传输设备
A02081703,水泥杆无线传输设备
A02081704,基站配套设备
A02081799,其他无线传输辅助设备
A02081800,有线传输线路
A02081801,管孔传输线路
A02081802,铁塔传输线路
A02081803,铁杆传输线路
A02081804,水泥杆传输线路
A02081805,木杆传输线路
A02081806,直埋传输线路
A02081899,其他有线传输线路
A02081900,通信网络维护和管理系统
A02082000,通信设备零部件
A02089900,其他通信设备
A02090000,广播、电视、电影设备
A02090100,广播发射设备
A02090101,中波广播发射机
A02090102,短波广播发射机
A02090103,调频广播发射机
A02090104,调频立体声广播发射机
A02090105,调频广播差转台
A02090106,机动广播发射台
A02090107,数字音频广播发射机
A02090199,其他广播发射设备
A02090200,电视发射设备
A02090201,米波电视发射机
A02090202,分米波电视发射机
A02090203,双伴音电视发射机
A02090204,电视差转机
A02090205,机动电视发射台
A02090206,数字广播电视发射机
A02090299,其他电视发射设备
A02090300,广播和电视接收设备
A02090400,音频节目制作和播控设备
A02090401,广播录放音设备
A02090402,调音台
A02090403,监听机（机组）
A02090404,声处理设备
A02090405,收音设备
A02090406,播控设备
A02090499,其他音频节目制作和播控设备
A02090500,视频节目制作和播控设备
A02090501,电视录制及电视播出中心设备
A02090502,机动电视转播及电视播出采访设备
A02090503,录像编辑设备
A02090504,专业摄像机和信号源设备
A02090505,视频信息处理设备
A02090506,电视信号同步设备
A02090507,电视图文创作系统设备
A02090599,其他视频节目制作和播控设备
A02090600,多工广播设备
A02090700,立体电视设备
A02090800,卫星广播电视设备
A02090801,集体接收设备
A02090802,上行站接收设备
A02090803,接收测试站设备
A02090804,普及型卫星广播电视接收附加装置
A02090899,其他卫星广播电视设备
A02090900,电缆电视分配系统设备
A02090901,共用天线电视系统设备
A02090902,单向电缆电视系统设备
A02090903,双向电缆电视系统设备
A02090904,光缆电视分配系统设备
A02090999,其他电缆电视分配系统设备
A02091000,电视设备
A02091001,普通电视设备（电视机）
A02091002,特殊环境应用电视监视设备
A02091003,特殊功能应用电视设备
A02091004,特种成像应用电视设备
A02091099,其他电视设备
A02091100,视频设备
A02091101,录像机
A02091102,通用摄像机
A02091103,摄录一体机
A02091104,平板显示设备
A02091105,电视唱盘
A02091106,激光视盘机
A02091107,视频监控设备
A02091108,视频处理器
A02091109,虚拟演播室设备
A02091110,字幕机
A02091199,其他视频设备
A02091200,音频设备
A02091201,录放音机
A02091202,收音机
A02091203,音频功率放大器设备（功放设备）
A02091204,电唱机
A02091205,音响电视组合机
A02091206,话筒设备
A02091207,数码音频工作站及配套设备
A02091208,声画编辑机
A02091209,录音外围设备
A02091210,扩音设备
A02091211,音箱
A02091212,复读机
A02091213,语音语言实验室设备
A02091299,其他音频设备
A02091300,组合音像设备
A02091301,音视频播放设备
A02091302,闭路播放设备
A02091303,同声现场翻译设备及附属设备
A02091304,会议、广播及音乐欣赏系统
A02091399,其他组合音像设备
A02091400,播出设备
A02091401,机械手播出设备
A02091402,硬盘播出设备
A02091403,播出周边设备
A02091499,其他播出设备
A02091500,电影设备
A02091501,传版设备
A02091502,编辑、采访设备
A02091503,压片加工设备
A02091504,唱机生产设备
A02091505,盒式音带加工设备
A02091506,影视片制作、维护设备
A02091599,其他电影设备
A02091600,传声器、扬声器、耳塞机
A02091700,无线寻呼机
A02091800,磁(纹)卡和集成电路卡
A02091900,广播、电视、电影设备零部件
A02099900,其他广播、电视、电影设备
A02100000,仪器仪表
A02100100,自动化仪表
A02100101,温度仪表
A02100102,压力仪表
A02100103,流量仪表
A02100104,物位及机械量仪表
A02100105,显示及调节仪表
A02100106,气动、电动单元组合仪表
A02100107,基地式仪表
A02100108,绘图仪
A02100109,集中控制装置
A02100110,执行器
A02100111,自动成套控制系统
A02100112,工业控制用计算机系统
A02100199,其他自动化仪表
A02100200,电工仪器仪表
A02100201,电度表
A02100202,实验室电工仪器及指针式电表
A02100203,数字电网监测表
A02100204,电阻测量仪器
A02100205,记录电表、电磁示波器
A02100206,测磁仪器
A02100207,扩大量程装置
A02100299,其他电工仪器仪表
A02100300,光学仪器
A02100301,显微镜
A02100302,光学计量仪器
A02100303,物理光学仪器
A02100304,光学测试仪器
A02100305,电子光学及离子光学仪器
A02100306,航测仪器
A02100307,光谱遥感仪器
A02100308,红外仪器
A02100309,激光仪器
A02100310,望远镜
A02100311,眼镜
A02100312,光导纤维和纤维束
A02100313,透镜、棱镜、反射镜
A02100399,其他光学仪器
A02100400,分析仪器
A02100401,电化学分析仪器
A02100402,物理特性分析仪器及校准仪器
A02100403,热学式分析仪器
A02100404,光学式分析仪器
A02100405,射线式分析仪器
A02100406,波谱仪
A02100407,质谱仪
A02100408,色谱仪
A02100409,磁式分析仪
A02100410,晶体振荡式分析仪
A02100411,蒸馏及分离式分析仪
A02100412,气敏式分析仪
A02100413,化学变色式分析仪
A02100414,多种原理分析仪
A02100415,环境监测仪器及综合分析装置
A02100416,热分析仪
A02100417,生化分离分析仪器
A02100418,环境与农业分析仪器
A02100419,样品前处理及制备仪器
A02100420,分析仪器辅助装置
A02100499,其他分析仪器
A02100500,试验机
A02100501,金属材料试验机
A02100502,非金属材料试验机
A02100503,工艺试验机
A02100504,测力仪器
A02100505,动平衡机
A02100506,振动台与冲击台
A02100507,碰撞台
A02100508,无损探伤机
A02100509,包装件试验机
A02100510,结构试验机
A02100511,橡胶制品检测机械
A02100599,其他试验机
A02100600,试验仪器及装置
A02100601,分析天平及专用天平
A02100602,动力测试仪器
A02100603,试验箱及气候环境试验设备
A02100604,生物、医学样品制备设备
A02100605,应变及振动测试仪器
A02100606,型砂铸造试验仪器及装置
A02100607,真空检测仪器
A02100608,土工测试仪器
A02100609,实验室高压釜
A02100610,电子可靠性试验设备
A02100699,其他试验仪器及装置
A02100700,计算仪器
A02100701,液体比重计
A02100702,玻璃温度计
A02100703,气压计
A02100704,湿度计
A02100705,液体压力计
A02100706,气体与液体计量仪表
A02100707,速度测量仪表
A02100708,产量计数器
A02100709,计费与里程表
A02100710,计步器、频闪仪
A02100799,其他计算仪器
A02100800,计量仪器
A02100801,力学性能测试仪器
A02100802,大地测量仪器
A02100803,光电测量仪器
A02100804,声学振动仪器
A02100805,颗粒度测量仪器
A02100806,探伤仪器
A02100807,齿轮量仪
A02100808,螺纹量仪
A02100809,形位误差检查仪
A02100810,角度量仪
A02100899,其他计量仪器
A02100900,钟表及定时仪器
A02100901,钟
A02100902,表
A02100903,定时器
A02100904,时间记录装置
A02100905,钟表机心
A02100999,其他钟表及定时仪器
A02101000,农林牧渔仪器
A02101100,地质勘探、钻采及人工地震仪器
A02101200,地震仪器
A02101300,安全仪器
A02101400,大坝观测仪器
A02101500,电站热工仪表
A02101600,电力数字仪表
A02101700,气象仪器
A02101800,水文仪器设备
A02101900,测绘仪器
A02102000,天文仪器
A02102100,教学仪器
A02102200,核子及核辐射测量仪器
A02102300,航空仪器
A02102400,航天仪器
A02102500,船舶仪器
A02102600,纺织仪器
A02102700,建筑工程仪器
A02102800,汽车拖拉机仪表
A02102900,动力测量仪器
A02103000,心理仪器
A02103100,生理仪器
A02103200,仪器仪表零部件
A02109900,其他仪器仪表
A02110000,电子和通信测量仪器
A02110100,数字、模拟仪表及功率计
A02110101,数字仪表及装置
A02110102,模拟式电压表
A02110103,功率计
A02110199,其他数字、模拟仪表及功率计
A02110200,元件器件参数测量仪
A02110201,电阻器、电容器参数测量仪
A02110202,敏感元件、磁性材料、电感元件测量仪
A02110203,电子元件参数测量仪
A02110204,半导体器件参数测量仪
A02110205,集成电路参数测量仪
A02110299,其他元件器件参数测量仪
A02110300,时间及频率测量仪器
A02110400,网络特性测量仪
A02110500,衰减器
A02110600,滤波器
A02110700,放大器
A02110800,场强干扰测量仪器及测量接收机
A02110900,波形参数测量仪器
A02111000,电子示波器
A02111100,通讯、导航测试仪器
A02111200,有线电测量仪
A02111300,电视用测量仪
A02111400,声源、声振信号发生器
A02111500,声级计
A02111600,电声滤波器
A02111700,电声放大器
A02111800,声振测量仪
A02111900,声振仪器校准装置
A02112000,电话、电声测试仪器
A02112100,声振分析仪
A02112200,数据仪器
A02112300,计算机用测量仪器
A02112400,核仪器与核辐射探测器
A02112500,交直流电测量仪器
A02112600,磁场测量仪器
A02112700,综合测量仪
A02112800,电子和通信测量仪器零部件
A02119900,其他电子和通信测量仪器
A02120000,计量标准器具及量具、衡器
A02120100,长度计量标准器具
A02120101,端度计量标准器具
A02120102,线纹计量标准器具
A02120103,齿轮参数计量标准器具
A02120104,角度计量标准器具
A02120105,光学仪器检测器具
A02120199,其他长度计量标准器具
A02120200,热学计量标准器具
A02120201,温度计量标准器具
A02120202,热量计量标准器具
A02120203,湿度计量标准器具
A02120299,其他热学计量标准器具
A02120300,力学计量标准器具
A02120301,质量计量标准器具
A02120302,容量计量标准器具
A02120303,密度计量标准器具
A02120304,流量计量标准器具
A02120305,压力及真空计量标准器具
A02120306,测力计量标准器具
A02120307,硬度计量标准器具
A02120308,振动、加速度及转速计量标准器具
A02120399,其他力学计量标准器具
A02120400,电磁学计量标准器具
A02120401,电表类计量标准器具
A02120402,交流计量标准器具
A02120403,直流计量标准器具
A02120404,高电压大电流计量标准器具
A02120405,磁特性计量标准器具
A02120499,其他电磁学计量标准器具
A02120500,无线电计量标准器具
A02120501,电压及功率参数计量标准器具
A02120502,信号及脉冲参数计量标准器具
A02120503,噪声参数计量标准器具
A02120504,元器件参数计量标准器具
A02120505,相位参数计量标准器具
A02120506,微波阻抗参数计量标准器具
A02120507,场强参数计量标准器具
A02120508,衰减计量标准器具
A02120599,其他无线电计量标准器具
A02120600,时间频率计量标准器具
A02120700,电离辐射计量标准器具
A02120800,光学计量标准器具
A02120900,声学计量标准器具
A02121000,化学计量标准器具
A02121100,量具
A02121200,衡器
A02121201,地上衡
A02121202,地中衡
A02121203,轨道衡
A02121204,钢材秤
A02121205,皮带秤
A02121206,吊秤
A02121207,配料秤
A02121208,定量秤
A02121209,台案秤
A02121210,液体秤
A02121211,气体秤
A02121212,料斗秤
A02121213,核子秤
A02121214,计数秤
A02121299,其他衡器
A02121300,标准物质
A02121400,计量标准器具零部件
A02129900,其他计量标准器具
A02130000,探矿、采矿、选矿和造块设备
A02130100,钻探机
A02130200,装药填充机械
A02130300,矿用装载设备
A02130400,煤矿生产监测监控设备
A02130500,煤矿防治水设备
A02130600,煤矿支护装备
A02130700,提升、运输设备和绞车
A02130800,选矿和洗矿设备
A02130900,造块设备
A02131000,探矿、采矿、选矿和造块设备零部件
A02139900,其他探矿、采矿、选矿和造块设备
A02140000,石油天然气开采设备
A02140100,油气水井设施
A02140200,油气汽水集输设施
A02140300,油气汽水处理设施
A02140400,油田机械
A02140500,石油天然气开采设备零部件
A02149900,其他石油天然气开采设备
A02150000,石油和化学工业设备
A02150100,石油储备库设备
A02150200,长输管线
A02150300,界区间管线
A02150400,界区间罐区设施
A02150500,输油（气）站
A02150600,炼油生产装置
A02150700,润滑油生产装置
A02150800,基本有机化工原料生产装置
A02150900,合成树脂生产装置
A02151000,合成橡胶生产装置
A02151100,合成纤维原料生产装置
A02151200,合成纤维及合纤聚合物生产装置
A02151300,化肥生产装置
A02151400,无机化工生产装置
A02151500,炼油催化剂生产装置
A02151600,基本有机化工原料催化剂生产装置
A02151700,合成树脂催化剂生产装置
A02151800,合成橡胶催化剂生产装置
A02151900,添加剂助剂生产装置
A02152000,催化剂原料生产装置
A02152100,催化剂检验分析评价装置
A02152200,辅助生产装置
A02152300,油品销售设施类
A02152400,橡胶设备
A02152500,塑料机械
A02152600,日用化学品设备
A02152700,林产化工机械
A02152800,石油和化学工业设备零部件
A02159900,其他石油和化学工业设备
A02160000,炼焦和金属冶炼轧制设备
A02160100,炼焦设备
A02160200,炼铁设备
A02160300,炼钢设备
A02160400,有色金属冶炼设备
A02160500,铁合金设备
A02160600,金属轧制机械及拉拔设备
A02160700,冶金专用车辆
A02160800,炼焦和金属冶炼轧制设备零部件
A02169900,其他炼焦和金属冶炼轧制设备
A02170000,电力工业设备
A02170100,电站锅炉及辅助设备
A02170200,汽轮发电机组
A02170300,水轮发电机组
A02170400,输电线路
A02170500,配电线路
A02170600,变电设备
A02170700,电力专用自动化控制设备
A02170800,架线设备
A02170900,电站制氢设备
A02171000,电力工业设备零部件
A02179900,其他电力工业设备
A02180000,非金属矿物制品工业设备
A02180100,水泥及水泥制品设备
A02180200,玻璃及玻璃制品制造设备
A02180300,陶瓷制品生产设备
A02180400,墙体、地面材料
A02180500,石棉、耐火制品及其他非金属矿物制品设备
A02180600,非金属矿物切削加工设备
A02180700,非金属矿物制品工业设备零部件
A02189900,其他非金属矿物制品工业设备
A02190000,核工业设备
A02190100,核反应堆设备
A02190200,核用矿冶设备
A02190300,核电站设备
A02190400,核燃料循环设备
A02190500,核地勘设备
A02190600,核聚变试验装置
A02190700,核技术应用设备
A02190800,核工业设备零部件
A02199900,其他核工业设备
A02200000,航空航天工业设备
A02200100,飞机、火箭、导弹、卫星总装调试设备
A02200200,控制、遥测、能源、制导系统用设备
A02200300,人造卫星
A02200400,弹（星）体加工设备
A02200500,发动机设备
A02200600,驾驶系统和惯性器件设备
A02200700,战斗部设备
A02200800,火工品设备
A02200900,制造地面系统设备
A02201000,试验设备
A02201100,航天专用工艺设备
A02201200,全弹发动机试车台
A02201300,地面飞行训练器
A02201400,航天产品用特种车
A02201500,航空航天工业设备零部件
A02209900,其他航空航天工业设备
A02210000,工程机械
A02210100,挖掘机械
A02210200,铲土运输机械
A02210300,工程起重机械
A02210400,工业车辆
A02210500,压实机械
A02210600,路面及养护机械
A02210700,桩工机械
A02210800,混凝土机械
A02210900,凿岩与掘进机械
A02211000,钢筋及预应力机械
A02211100,气动工具
A02211200,装修与高处作业机械
A02211300,工程机械零部件
A02219900,其他工程机械
A02220000,农业和林业机械
A02220100,拖拉机
A02220200,土壤耕整机械
A02220300,种植施肥机械
A02220400,植物管理机械
A02220500,园林机械
A02220600,农作物及林特产品收获机械
A02220700,收获后处理机械
A02220800,农林产品初加工机械
A02220900,农用搬运机械
A02221000,排灌机械
A02221100,农村可再生能源利用设备
A02221200,设施农业设备
A02221300,农用动力机械
A02221400,草原建设机械
A02221500,草料加工设备
A02221600,畜牧饲养机械
A02221700,畜禽产品采集加工机械
A02221800,水产养殖机械
A02221900,水产品捕捞和采集机械
A02222000,水产品初加工机械
A02222100,制网机械
A02222200,农业和林业机械零部件
A02229900,其他农业和林业机械
A02230000,木材采集和加工设备
A02230100,木材采伐和集运机械
A02230200,木工机床
A02230300,木质纤维加工设备
A02230400,人造板加工设备
A02230500,木材干燥设备
A02230600,木材防腐设备
A02230700,林业生物质工程设备
A02230800,木材采集和加工机械零部件
A02239900,其他木材采集和加工机械
A02240000,食品加工设备
A02240100,制糖机械
A02240200,糕点糖果及果品加工机械
A02240300,菜类食品加工机械
A02240400,屠宰、肉食品及蛋品加工机械
A02240500,食品蒸煮机械
A02240600,食品杀菌器械
A02240700,食品均质机
A02240800,调味品加工机械
A02240900,罐头食品生产线
A02241000,饮食炊事机械
A02241100,食品检测、监测设备
A02241200,食品加工设备零部件
A02249900,其他食品加工设备
A02250000,饮料加工设备
A02250100,酿酒设备
A02250200,无醇饮料加工设备
A02250300,饮料加工设备零部件
A02259900,其他饮料加工设备
A02260000,烟草加工设备
A02260100,烟用加温加湿机械
A02260200,烟用解把机械
A02260300,烟用除杂、筛分机械
A02260400,烟用叶梗分离机械
A02260500,烟用烘烤机械
A02260600,烟用预压打包机械
A02260700,烟用开（拆）包机械
A02260800,烟用叶片分切机械
A02260900,烟用切丝机械
A02261000,烟用烘丝机械
A02261100,烟用冷却机械
A02261200,烟用香精香料调配及加料加香机械
A02261300,烟用压梗机械
A02261400,烟丝膨胀机械
A02261500,烟丝输送机械
A02261600,再造烟叶机械
A02261700,烟用卷接机械
A02261800,烟用包装机械
A02261900,烟用虑棒成型机
A02262000,烟用装封箱机
A02262100,废烟支、烟丝回收装置
A02262200,烟草加工机械零部件
A02269900,其他烟草加工机械
A02270000,粮油作物和饲料加工设备
A02270100,通用清理机械
A02270200,碾米机械
A02270300,面粉加工设备
A02270400,榨油机械
A02270500,油脂浸出机械
A02270600,油脂精炼设备
A02270700,饲料加工设备
A02270800,食品油脂加工设备
A02270900,粮油作物和饲料加工设备零部件
A02279900,其他粮油作物和饲料加工设备
A02280000,纺织设备
A02280100,化纤机械
A02280200,棉纺织机械
A02280300,毛纺织机械
A02280400,麻纺织机械
A02280500,丝绸机械及绢纺机械
A02280600,针织机械
A02280700,染整机械
A02280800,非织造织物设备
A02280900,毛毯加工机械
A02281000,纺织设备零部件
A02289900,其他纺织设备
A02290000,缝纫、服饰、制革和毛皮加工设备
A02290100,缝纫机
A02290200,服装加工机械
A02290300,羽绒加工设备
A02290400,工业洗涤机械
A02290500,制鞋机械
A02290600,制帽机械
A02290700,制革机械
A02290800,毛皮加工机械
A02290900,皮革制品加工机械
A02291000,缝纫、服饰、制革和毛皮加工机械零部件
A02299900,其他缝纫、服饰、制革和毛皮加工机械
A02300000,造纸和印刷机械
A02300100,造纸机械
A02300200,图像制版机械
A02300300,文字制版机械
A02300400,照排设备
A02300500,盲文印刷机
A02300600,装订机械
A02300700,数码印刷机
A02300800,造纸纵切机
A02300900,切纸机
A02301000,切割机
A02301100,盘纸分切机
A02301200,切蜡光纸机
A02301300,裁纸机
A02309900,其他造纸和印刷机械
A02310000,化学药品和中药设备
A02310100,化学原料药加工机械
A02310200,制剂机械
A02310300,中药机械
A02310400,药瓶洗理机械
A02310500,药用干燥设备
A02310600,制药蒸发设备和浓缩设备
A02310700,药品专用包装机械
A02310800,粉碎、筛粉设备
A02310900,化学药品和中药设备零部件
A02319900,其他化学药品和中药设备
A02320000,医疗设备
A02320100,手术器械
A02320200,普通诊察器械
A02320300,医用电子生理参数检测仪器设备
A02320400,医用光学仪器
A02320500,医用超声波仪器及设备
A02320600,医用激光仪器及设备
A02320700,医用内窥镜
A02320800,物理治疗、康复及体育治疗仪器设备
A02320900,中医器械设备
A02321000,医用磁共振设备
A02321100,医用磁共振设备辅助装置
A02321200,医用 X 线诊断设备
A02321300,医用 X 线附属设备及部件
A02321400,医用放射射线治疗设备
A02321500,核医学诊断设备
A02321600,核医学诊断设备辅助装置
A02321700,医用射线防护设备
A02321800,医用射线监检测设备及用具
A02321900,临床检验设备
A02322000,药房设备及器具
A02322100,体外循环设备
A02322200,人工脏器及功能辅助装置
A02322300,假肢装置及部件
A02322400,手术室设备及附件
A02322500,急救和生命支持设备
A02322600,介/植入诊断和治疗用器械
A02322700,病房护理及医院设备
A02322800,消毒灭菌设备及器具
A02322900,医用低温、冷疗设备
A02323000,防疫、防护卫生装备及器具
A02323100,助残器械
A02323200,骨科植入部件
A02323300,口腔设备及器械
A02323400,兽医设备
A02323500,医疗设备零部件
A02329900,其他医疗设备
A02330000,电工、电子生产设备
A02330100,电工生产设备
A02330200,电池生产设备
A02330300,电子工业生产设备
A02330400,家用电器生产设备
A02330500,电工、电子生产设备零部件
A02339900,其他电工、电子生产设备
A02340000,安全生产设备
A02340100,煤矿安全设备
A02340200,非煤矿山安全设备
A02340300,危险化学品安全设备
A02340400,烟花爆竹行业安全设备
A02340500,公路行业安全设备
A02340600,铁路行业安全设备
A02340700,民航行业安全设备
A02340800,应急救援设备类
A02340900,安全生产设备零部件
A02349900,其他安全生产设备
A02350000,邮政设备
A02350100,邮政内部处理设备
A02350200,邮政营业投递设备
A02350300,邮政除尘设备
A02350400,邮政清洗缝补设备
A02350500,邮政储汇设备
A02350600,邮政设备零部件
A02359900,其他邮政设备
A02360000,环境污染防治设备
A02360100,大气污染防治设备
A02360200,水质污染防治设备
A02360300,固体废弃物处理设备
A02360400,噪声控制设备
A02360500,环保监测设备
A02360600,金属废料回收设备
A02360700,非金属废料回收设备
A02360800,核与辐射安全设备
A02360900,环境污染防治设备零部件
A02369900,其他环境污染防治设备
A02370000,政法、消防、检测设备
A02370100,消防设备
A02370200,交通管理设备
A02370300,物证检验鉴定设备
A02370400,安全、检查、监视、报警设备
A02370500,爆炸物处置设备
A02370600,技术侦察取证设备
A02370700,警械设备
A02370800,非杀伤性武器
A02370900,防护防暴装备
A02371000,出入境设备
A02371100,边界勘界和联检设备
A02371200,网络监察设备
A02371300,教育训练装备
A02371400,政法、消防、检测设备零部件
A02379900,其他政法、检测设备
A02380000,水工机械
A02380100,清淤机械
A02380200,破冰机械
A02380300,水利闸门启闭机
A02380400,水工机械零部件
A02389900,其他水工机械
A02390000,货币处理设备
A02390100,钞票处理设备
A02390200,货币清分处理设备
A02390300,货币销毁处理设备
A02390400,金库门
A02390500,货币处理设备零部件
A02399900,其他货币处理设备
A02400000,殡葬设备及用品
A02400100,火化设备
A02400200,殡仪设备及用品
A02400300,殡葬设备零部件
A02409900,其他殡葬设备及用品
A02410000,铁路运输设备
A02410100,机车
A02410200,客车
A02410300,货车
A02410400,大型养路机械
A02410500,铁路设备
A02410600,铁路设备零部件
A02419900,其他铁路运输设备
A02420000,水上交通运输设备
A02420100,货船
A02420200,客船
A02420300,拖船
A02420400,驳船
A02420500,渔船
A02420600,海洋、内水调查和开发船
A02420700,电气作业和海底工程作业船
A02420800,挖泥、打桩船（驳）
A02420900,起重船和囤船
A02421000,水面工作船
A02421100,水面公务船
A02421200,特种作业船
A02421300,机动船
A02421400,浮船坞、码头和维修工作船
A02421500,船舶制造设备
A02421600,潜水设备
A02421700,航标设施
A02421800,航标灯、闪光器
A02421900,水上交通运输设备零部件
A02429900,其他水上交通运输设备
A02430000,航空器及其配套设备
A02430100,固定翼飞机
A02430200,直升机
A02430300,专用飞机
A02430400,飞行器
A02430500,飞机维修设备
A02430600,航空港设备
A02430700,机场地面特种车辆
A02430800,火箭及发射、维护设施
A02430900,无人机
A02431000,航空器零部件
A02439900,其他航空器及其配套设备
A02440000,海洋仪器设备
A02440100,海洋水文气象仪器设备
A02440200,海洋地质地球物理仪器设备
A02440300,海洋生物仪器设备
A02440400,海洋化学仪器设备
A02440500,海洋声光仪器设备
A02440600,海洋船用船载仪器设备
A02440700,海洋综合观测平台
A02440800,海洋执法装备
A02440900,海洋计量检测设备
A02441000,海水淡化与综合利用设备
A02441100,海洋仪器设备零部件
A02449900,其他海洋仪器设备
A02450000,文艺设备
A02450100,乐器
A02450200,演出服饰
A02450300,舞台设备
A02450400,影剧院设备
A02450500,文艺设备零部件
A02459900,其他文艺设备
A02460000,体育设备设施
A02460100,田赛设备
A02460200,径赛设备
A02460300,球类设备
A02460400,体操设备
A02460500,举重设备
A02460600,游泳设备
A02460700,跳水设备
A02460800,水上运动设备
A02460900,潜水运动设备
A02461000,冰上运动设备
A02461100,雪上运动设备
A02461200,射击设备
A02461300,击剑设备
A02461400,射箭设备
A02461500,摩托车运动设备
A02461600,自行车运动设备
A02461700,赛车运动设备
A02461800,赛马和马术运动设备
A02461900,拳击、跆拳道设备
A02462000,摔跤、柔道设备
A02462100,散打、武术设备
A02462200,棋牌类运动设备
A02462300,航模、海模及其他模型设备
A02462400,垂钓器具和用品
A02462500,登山设备
A02462600,健身设备
A02462700,运动康复设备
A02462800,残疾人体育及训练设备
A02462900,体育运动辅助设备
A02463000,体育设备零部件
A02469900,其他体育设备设施
A02470000,娱乐设备
A02470100,成套游乐场设备
A02470200,一般游乐场设备
A02470300,智能游艺设备
A02470400,博弈设备
A02470500,彩票销售设备
A02470600,卡拉 OK 设备
A02470700,游戏游览用车、船
A02470800,活动辅助设备
A02470900,娱乐设备零部件
A02479900,其他娱乐设备
